vendor_id,tpep_pickup_datetime,tpep_dropoff_datetime,passenger_count,trip_distance,pu_location_id,do_location_id,fare_amount,tip_amount,total_amount,payment_type
1,2024-01-15 08:00:00,2024-01-15 08:20:00,1,3.2,142,236,14.5,3.0,18.3,1
2,2024-01-15 09:00:00,2024-01-15 09:15:00,,2.1,161,230,11.0,2.0,14.0,1
1,2024-01-15 10:30:00,2024-01-15 10:10:00,2,5.0,100,161,22.0,0.0,24.5,2
2,2024-01-15 11:00:00,2024-01-15 11:25:00,1,4.4,142,237,-9.5,0.0,-7.0,1
1,2024-01-15 12:00:00,2024-01-15 12:18:00,-3,2.0,236,142,10.0,1.5,12.8,1
99,2024-01-15 13:00:00,2024-01-15 13:30:00,2,6.7,161,230,28.0,5.0,35.0,1
1,2024-01-15 14:00:00,2024-01-15 14:22:00,1,3.9,9990,9991,16.0,2.0,20.0,2
2,2024-01-15 15:00:00,2024-01-15 15:20:00,1,3.0,142,236,13.0,2.0,16.5,1
2,2024-01-15 15:00:00,2024-01-15 15:20:00,1,3.0,142,236,13.0,2.0,16.5,1
